product_id,product_name,category_id,price
1,Throw,2,484.87
2,Dream,3,168.76
3,Start,3,468.35
4,Cover,4,477.52
5,Half,1,239.49
6,However,3,294.38
7,On,2,128.43
8,Push,1,194.51
9,Station,1,299.78
10,Front,1,398.27
11,Particular,4,135.79
12,Better,2,305.73
13,Chance,3,476.29
14,Board,4,235.16
15,Provide,4,357.98
16,Stage,5,168.38
17,Adult,1,268.58
18,Form,1,440.61
19,Population,1,390.54
20,Three,4,440.87
21,Behind,2,429.56
22,Remain,5,458.91
23,Great,5,171.51
24,But,1,228.48
25,Term,5,284.26
26,Forget,5,216.14
27,Course,2,197.64
28,Big,4,214.81
29,Baby,1,89.12
30,Generation,3,96.04
31,Future,2,92.51
32,Serious,5,103.52
33,Discuss,5,184.48
34,Defense,2,432.0
35,Forget,3,183.37
36,Size,4,388.02
37,Top,4,470.62
38,Bit,3,470.34
39,Member,4,70.22
40,Sure,5,74.29
41,Hundred,4,305.43
42,Cut,1,195.33
43,Tv,4,77.39
44,Ball,5,198.34
45,Power,3,40.96
46,May,5,452.77
47,Item,1,445.94
48,State,4,215.43
49,Defense,5,477.46
50,Do,5,138.72
51,Feel,4,283.67
52,Wide,2,336.96
53,Science,2,236.59
54,Evidence,5,397.21
55,Chance,2,167.08
56,Act,2,350.92
57,See,4,136.34
58,Glass,3,444.65
59,Sometimes,3,456.53
60,Service,2,471.78
61,Population,1,422.44
62,Ball,1,195.6
63,Assume,1,234.93
64,Girl,3,198.0
65,Your,3,448.62
66,Ask,3,428.72
67,Who,2,202.54
68,National,4,49.66
69,Environment,1,103.98
70,Protect,3,273.44
71,Poor,1,40.46
72,Factor,2,471.6
73,Investment,4,328.92
74,Quality,5,490.76
75,Into,5,91.92
76,Set,2,377.65
77,Weight,3,91.04
78,Almost,1,489.51
79,Represent,5,230.76
80,Store,3,51.32
81,Leave,3,221.39
82,Large,2,169.07
83,Firm,5,56.52
84,Skin,1,426.48
85,Return,2,361.82
86,About,2,32.1
87,Example,5,22.19
88,Skill,5,78.07
89,Western,2,93.46
90,Listen,5,64.99
91,Land,5,137.46
92,Drop,4,269.04
93,Certainly,3,392.76
94,Necessary,1,441.1
95,Stand,4,161.97
96,Decision,3,332.21
97,Candidate,3,27.79
98,Tell,5,229.14
99,Wife,4,473.43
100,Story,4,162.42
101,Majority,3,315.08
102,Economy,4,471.05
103,Paper,5,458.55
104,Resource,4,392.69
105,Edge,3,282.47
106,International,5,310.72
107,Region,5,146.78
108,Safe,5,442.79
109,Room,1,163.79
110,Indeed,3,133.59
111,Himself,1,396.0
112,Care,4,293.88
113,Down,5,250.79
114,Age,3,362.24
115,Film,4,423.28
116,Ever,3,483.03
117,Born,1,79.95
118,Wind,3,33.73
119,Anything,4,277.33
120,Natural,1,87.52
121,Off,4,194.43
122,Rule,5,145.22
123,Guess,4,283.89
124,Ready,1,420.74
125,See,2,315.56
126,Good,3,283.03
127,Book,3,465.78
128,Stock,3,91.9
129,Sea,4,251.4
130,Offer,3,396.73
131,Sing,5,481.75
132,Enough,5,109.04
133,Nice,2,409.12
134,Real,3,386.95
135,Few,4,446.8
136,Phone,3,297.2
137,Could,1,231.51
138,Level,3,167.59
139,Management,3,95.4
140,Hand,4,481.81
141,Bit,3,322.78
142,Marriage,1,491.49
143,Off,1,126.32
144,Heavy,5,332.81
145,Evening,1,268.38
146,But,5,232.42
147,Ability,4,470.25
148,Though,5,339.78
149,Can,3,28.09
150,Wait,4,131.93
151,Discuss,3,356.36
152,Candidate,3,213.3
153,Knowledge,1,300.68
154,Cell,4,352.04
155,Rise,2,415.11
156,Ago,2,491.99
157,Wish,1,400.73
158,Look,4,130.67
159,Which,1,428.94
160,Against,4,358.18
161,Type,5,234.77
162,Mother,4,424.03
163,Second,1,346.1
164,Large,2,59.43
165,Possible,2,221.19
166,Shoulder,1,42.32
167,Also,3,387.76
168,Group,2,129.14
169,Future,5,401.25
170,Wish,1,265.84
171,The,2,392.1
172,Really,3,351.76
173,There,1,229.27
174,Media,2,285.81
175,Yourself,5,179.25
176,Recognize,1,215.39
177,Each,3,332.67
178,Story,3,410.62
179,Heavy,5,34.25
180,Three,3,289.15
181,Pattern,2,25.08
182,People,3,406.08
183,Among,5,138.74
184,Military,5,486.35
185,Radio,3,323.86
186,Everybody,3,172.3
187,Read,3,122.06
188,Leg,5,42.79
189,Huge,3,30.04
190,Out,2,141.92
191,Vote,2,375.18
192,Poor,3,181.33
193,Interest,5,149.54
194,Worry,4,225.0
195,Despite,2,72.09
196,Structure,3,400.95
197,State,2,181.89
198,Line,5,346.15
199,Exactly,2,57.85
200,Plant,1,481.35
